{"accuracy": [0.029157321900129318, 0.03075937181711197, 0.0317206010222435, 0.03556552529335022, 0.04293495789170265, 0.047741107642650604, 0.050945211201906204, 0.0602371022105217, 0.06728612631559372, 0.09131688624620438, 0.10669656842947006, 0.12271707504987717, 0.1396988183259964, 0.16244792938232422, 0.18455623090267181, 0.2034604251384735, 0.24351169168949127, 0.24287088215351105, 0.29573854804039, 0.3197692930698395, 0.3393143117427826, 0.37872475385665894, 0.403396338224411, 0.4194168448448181, 0.46459469199180603, 0.5104133486747742, 0.5197052359580994, 0.5299583673477173, 0.5559115409851074, 0.5924383401870728, 0.630887508392334, 0.6219160556793213], "loss": [7.130805015563965, 3.581692695617676, 3.579522132873535, 3.566899061203003, 3.5453643798828125, 3.5217349529266357, 3.531212091445923, 3.484757661819458, 3.4537413120269775, 3.386312246322632, 3.3408050537109375, 3.2708802223205566, 3.1876163482666016, 3.1304383277893066, 3.0441908836364746, 2.931920289993286, 2.7939951419830322, 2.7873666286468506, 2.562171220779419, 2.490685224533081, 2.393094301223755, 2.249779462814331, 2.1612026691436768, 2.0869719982147217, 1.9102637767791748, 1.7700505256652832, 1.7221986055374146, 1.7189840078353882, 1.62227201461792, 1.5206949710845947, 1.3130728006362915, 1.3771488666534424], "val_accuracy": [0.028490029275417328, 0.028490029275417328, 0.03133903071284294, 0.03418803587555885, 0.045584045350551605, 0.05128205195069313, 0.04273504391312599, 0.09971509873867035, 0.10541310906410217, 0.12535612285137177, 0.18233618140220642, 0.20512820780277252, 0.23076923191547394, 0.2735042870044708, 0.2934472858905792, 0.3589743673801422, 0.2450142502784729, 0.45014244318008423, 0.45584046840667725, 0.5014244914054871, 0.5555555820465088, 0.5897436141967773, 0.56695157289505, 0.6381766200065613, 0.68660968542099, 0.6638176441192627, 0.680911660194397, 0.6723646521568298, 0.7264957427978516, 0.7435897588729858, 0.8005697727203369, 0.7948718070983887], "val_loss": [3.583334445953369, 3.582627296447754, 3.5772197246551514, 3.562915563583374, 3.54194974899292, 3.5357816219329834, 3.5401718616485596, 3.379296064376831, 3.3367762565612793, 3.310779094696045, 3.18072247505188, 3.134411573410034, 3.065161943435669, 2.9258344173431396, 2.7452304363250732, 2.578974723815918, 2.980721950531006, 2.2727537155151367, 2.1630008220672607, 2.011235237121582, 1.9328378438949585, 1.7543187141418457, 1.7270427942276, 1.5654797554016113, 1.4726663827896118, 1.6465142965316772, 1.5399444103240967, 1.531903862953186, 1.2640180587768555, 1.240931749343872, 1.2042150497436523, 1.0753741264343262]}